Fact_ID,Year,Datetime,ID_Stage_Round,ID_Matches,ID_Sta_City,Result HaftTime Home,Result HaftTime Away,ID_Referee,Result Home,Result Away
1,1930,13 Jul 1930 - 15:00 ,1,1,1,1,3,1,1,3
2,1930,13 Jul 1930 - 15:00 ,2,2,2,1,3,2,1,3
3,1930,14 Jul 1930 - 12:45 ,3,3,2,1,3,3,1,3
4,1930,14 Jul 1930 - 14:50 ,4,4,1,1,3,4,1,3
5,1930,15 Jul 1930 - 16:00 ,1,5,2,2,2,5,1,3
6,1930,16 Jul 1930 - 14:45 ,1,6,2,1,3,6,1,3
7,1930,17 Jul 1930 - 12:45 ,3,7,2,2,2,7,1,3
8,1930,17 Jul 1930 - 14:45 ,2,8,2,1,3,2,1,3
9,1930,18 Jul 1930 - 14:30 ,4,9,3,2,2,8,1,3
10,1930,19 Jul 1930 - 12:50 ,1,10,3,2,2,3,1,3
11,1930,19 Jul 1930 - 15:00 ,1,11,3,1,3,9,1,3
12,1930,20 Jul 1930 - 13:00 ,3,12,3,1,3,10,1,3
13,1930,20 Jul 1930 - 15:00 ,2,13,3,1,3,11,1,3
14,1930,21 Jul 1930 - 14:50 ,4,14,3,1,3,5,1,3
15,1930,22 Jul 1930 - 14:45 ,1,15,3,1,3,8,1,3
16,1930,26 Jul 1930 - 14:45 ,5,16,3,1,3,8,1,3
17,1930,27 Jul 1930 - 14:45 ,5,17,3,1,3,5,1,3
18,1930,30 Jul 1930 - 14:15 ,6,18,3,3,1,8,1,3
19,1934,27 May 1934 - 16:30 ,7,19,4,2,2,12,1,3
20,1934,27 May 1934 - 16:30 ,7,20,5,2,2,13,1,3
21,1934,27 May 1934 - 16:30 ,7,21,6,1,3,14,1,3
22,1934,27 May 1934 - 16:30 ,7,22,7,2,2,15,1,3
23,1934,27 May 1934 - 16:30 ,7,23,8,3,1,16,1,3
24,1934,27 May 1934 - 16:30 ,7,24,9,1,3,17,1,3
25,1934,27 May 1934 - 16:30 ,7,25,10,1,3,18,1,3
26,1934,27 May 1934 - 16:30 ,7,26,11,3,1,8,1,3
27,1934,31 May 1934 - 16:30 ,8,27,4,2,2,19,1,3
28,1934,31 May 1934 - 16:30 ,8,28,6,2,2,13,1,3
29,1934,31 May 1934 - 16:30 ,8,29,8,2,2,20,2,2
30,1934,31 May 1934 - 16:30 ,8,30,7,1,3,16,1,3
31,1934,01 Jun 1934 - 16:30 ,8,31,8,1,3,18,1,3
32,1934,03 Jun 1934 - 16:30 ,9,32,6,1,3,14,1,3
33,1934,03 Jun 1934 - 16:30 ,9,33,10,1,3,13,1,3
34,1934,07 Jun 1934 - 18:00 ,10,34,5,1,3,21,1,3
35,1934,10 Jun 1934 - 17:30 ,11,35,10,2,2,14,1,3
36,1938,04 Jun 1938 - 17:00 ,12,36,12,2,2,8,2,2
37,1938,05 Jun 1938 - 17:00 ,12,37,13,1,3,22,1,3
38,1938,05 Jun 1938 - 17:00 ,12,38,14,1,3,23,1,3
39,1938,05 Jun 1938 - 17:00 ,12,39,15,2,2,24,2,2
40,1938,05 Jun 1938 - 17:00 ,12,40,16,2,2,19,1,3
41,1938,05 Jun 1938 - 17:30 ,12,41,17,2,2,14,1,3
42,1938,05 Jun 1938 - 18:30 ,12,42,18,2,2,25,1,3
43,1938,09 Jun 1938 - 18:00 ,12,43,15,3,1,17,1,3
44,1938,09 Jun 1938 - 18:00 ,12,44,12,3,1,14,1,3
45,1938,12 Jun 1938 - 17:00 ,13,45,19,2,2,26,2,2
46,1938,12 Jun 1938 - 17:00 ,13,46,20,1,3,13,1,3
47,1938,12 Jun 1938 - 17:00 ,13,47,21,1,3,27,1,3
48,1938,12 Jun 1938 - 17:00 ,13,48,14,2,2,20,1,3
49,1938,14 Jun 1938 - 18:00 ,13,49,19,3,1,28,1,3
50,1938,16 Jun 1938 - 18:00 ,14,50,12,1,3,25,1,3
51,1938,16 Jun 1938 - 18:00 ,14,51,16,2,2,23,1,3
52,1938,19 Jun 1938 - 17:00 ,15,52,19,3,1,8,1,3
53,1938,19 Jun 1938 - 17:00 ,16,53,14,1,3,28,1,3
54,1950,24 Jun 1950 - 15:00 ,17,54,22,1,3,29,1,3
55,1950,25 Jun 1950 - 15:00 ,18,55,22,1,3,30,1,3
56,1950,25 Jun 1950 - 15:00 ,18,56,23,3,1,31,1,3
57,1950,25 Jun 1950 - 15:00 ,19,57,24,1,3,32,1,3
58,1950,25 Jun 1950 - 15:00 ,17,58,25,2,2,33,1,3
59,1950,28 Jun 1950 - 15:00 ,17,59,24,1,3,34,2,2
60,1950,28 Jun 1950 - 15:00 ,17,60,26,1,3,35,1,3
61,1950,29 Jun 1950 - 15:00 ,18,61,22,1,3,36,1,3
62,1950,29 Jun 1950 - 15:30 ,19,62,23,1,3,37,2,2
63,1950,29 Jun 1950 - 15:00 ,18,63,25,1,3,38,1,3
64,1950,01 Jul 1950 - 15:00 ,17,64,22,1,3,39,1,3
65,1950,02 Jul 1950 - 15:00 ,18,65,22,2,2,33,1,3
66,1950,02 Jul 1950 - 15:00 ,19,66,24,1,3,40,1,3
67,1950,02 Jul 1950 - 15:00 ,20,67,25,1,3,29,1,3
68,1950,02 Jul 1950 - 15:40 ,17,68,26,1,3,14,1,3
69,1950,02 Jul 1950 - 15:00 ,18,69,27,1,3,41,1,3
70,1950,09 Jul 1950 - 15:00 ,21,70,24,3,1,39,2,2
71,1950,09 Jul 1950 - 15:00 ,21,71,22,1,3,40,1,3
72,1950,13 Jul 1950 - 15:00 ,21,72,22,1,3,35,1,3
73,1950,13 Jul 1950 - 15:00 ,21,73,24,3,1,33,1,3
74,1950,16 Jul 1950 - 15:00 ,21,74,24,1,3,30,1,3
75,1950,16 Jul 1950 - 15:00 ,21,75,22,2,2,29,1,3
76,1954,16 Jun 1954 - 18:00 ,22,76,28,2,2,40,1,3
77,1954,16 Jun 1954 - 18:00 ,22,77,29,1,3,42,1,3
78,1954,16 Jun 1954 - 18:00 ,23,78,30,1,3,43,1,3
79,1954,16 Jun 1954 - 18:00 ,23,79,31,1,3,39,1,3
80,1954,17 Jun 1954 - 18:00 ,24,80,28,2,2,44,1,3
81,1954,17 Jun 1954 - 18:00 ,24,81,29,1,3,45,1,3
82,1954,17 Jun 1954 - 18:10 ,25,82,32,2,2,46,2,2
83,1954,17 Jun 1954 - 17:50 ,25,83,31,2,2,31,1,3
84,1954,19 Jun 1954 - 16:50 ,22,84,32,1,3,47,1,3
85,1954,19 Jun 1954 - 17:00 ,22,85,29,1,3,48,1,3
86,1954,19 Jun 1954 - 17:10 ,23,86,30,1,3,49,1,3
87,1954,19 Jun 1954 - 17:00 ,23,87,31,2,2,50,2,2
88,1954,20 Jun 1954 - 16:50 ,24,88,32,1,3,51,1,3
89,1954,20 Jun 1954 - 17:00 ,24,89,30,1,3,52,1,3
90,1954,20 Jun 1954 - 17:10 ,25,90,28,1,3,53,1,3
91,1954,20 Jun 1954 - 17:00 ,25,91,33,1,3,54,1,3
92,1954,23 Jun 1954 - 18:00 ,24,92,29,1,3,45,1,3
93,1954,23 Jun 1954 - 18:00 ,25,93,32,1,3,39,1,3
94,1954,26 Jun 1954 - 17:00 ,26,94,32,1,3,54,1,3
95,1954,26 Jun 1954 - 17:00 ,26,95,31,1,3,50,1,3
96,1954,27 Jun 1954 - 17:00 ,26,96,30,1,3,53,1,3
97,1954,27 Jun 1954 - 17:00 ,26,97,28,1,3,40,1,3
98,1954,30 Jun 1954 - 18:00 ,27,98,32,1,3,47,1,3
99,1954,30 Jun 1954 - 18:00 ,27,99,31,2,2,39,1,3
100,1954,03 Jul 1954 - 17:00 ,28,100,29,2,2,43,1,3
101,1954,04 Jul 1954 - 17:00 ,29,101,28,2,2,51,1,3
102,1958,08 Jun 1958 - 14:00 ,30,102,34,1,3,55,1,3
103,1958,08 Jun 1958 - 19:00 ,31,103,35,1,3,53,2,2
104,1958,08 Jun 1958 - 19:00 ,32,104,36,3,1,35,3,1
105,1958,08 Jun 1958 - 19:00 ,30,105,37,2,2,56,2,2
106,1958,08 Jun 1958 - 19:00 ,33,106,38,2,2,57,1,3
107,1958,08 Jun 1958 - 19:00 ,33,107,39,1,3,43,2,2
108,1958,08 Jun 1958 - 19:00 ,31,108,40,1,3,58,1,3
109,1958,08 Jun 1958 - 19:00 ,32,109,41,1,3,59,1,3
110,1958,11 Jun 1958 - 19:00 ,31,110,35,2,2,60,2,2
111,1958,11 Jun 1958 - 19:00 ,30,111,34,3,1,61,2,2
112,1958,11 Jun 1958 - 19:00 ,33,112,38,1,3,47,1,3
113,1958,11 Jun 1958 - 19:00 ,33,113,39,2,2,39,1,3
114,1958,11 Jun 1958 - 19:00 ,31,114,42,1,3,62,1,3
115,1958,11 Jun 1958 - 19:00 ,32,115,43,3,1,40,2,2
116,1958,11 Jun 1958 - 19:00 ,32,116,41,2,2,63,1,3
117,1958,12 Jun 1958 - 19:00 ,30,117,34,1,3,64,1,3
118,1958,15 Jun 1958 - 14:00 ,30,118,34,2,2,65,2,2
119,1958,15 Jun 1958 - 19:00 ,31,119,35,1,3,58,1,3
120,1958,15 Jun 1958 - 19:00 ,32,120,36,2,2,66,2,2
121,1958,15 Jun 1958 - 19:00 ,30,121,37,1,3,67,1,3
122,1958,15 Jun 1958 - 19:00 ,33,122,44,3,1,68,2,2
123,1958,15 Jun 1958 - 19:00 ,33,123,45,1,3,69,1,3
124,1958,15 Jun 1958 - 19:00 ,31,124,42,3,1,70,2,2
125,1958,15 Jun 1958 - 19:00 ,32,125,43,1,3,40,1,3
126,1958,17 Jun 1958 - 19:00 ,31,126,35,2,2,60,1,3
127,1958,17 Jun 1958 - 19:00 ,32,127,36,2,2,58,1,3
128,1958,17 Jun 1958 - 19:00 ,30,128,34,3,1,55,1,3
129,1958,19 Jun 1958 - 19:00 ,34,129,35,2,2,59,1,3
130,1958,19 Jun 1958 - 19:00 ,34,130,36,1,3,43,1,3
131,1958,19 Jun 1958 - 19:00 ,34,131,34,2,2,35,1,3
132,1958,19 Jun 1958 - 19:00 ,34,132,38,1,3,57,1,3
133,1958,24 Jun 1958 - 19:00 ,35,133,35,2,2,53,1,3
134,1958,24 Jun 1958 - 19:00 ,35,134,34,1,3,39,1,3
135,1958,28 Jun 1958 - 17:00 ,36,135,35,1,3,69,1,3
136,1958,29 Jun 1958 - 15:00 ,37,136,34,1,3,58,1,3
137,1962,30 May 1962 - 15:00 ,38,137,46,3,1,71,1,3
138,1962,30 May 1962 - 15:00 ,39,138,47,2,2,72,1,3
139,1962,30 May 1962 - 15:00 ,40,139,48,1,3,57,1,3
140,1962,30 May 1962 - 15:00 ,41,140,49,2,2,73,1,3
141,1962,31 May 1962 - 15:00 ,38,141,46,2,2,60,1,3
142,1962,31 May 1962 - 15:00 ,39,142,47,2,2,54,1,3
143,1962,31 May 1962 - 15:00 ,40,143,48,1,3,74,1,3
144,1962,31 May 1962 - 15:00 ,41,144,49,2,2,75,2,2
145,1962,02 Jun 1962 - 15:00 ,38,145,46,1,3,76,1,3
146,1962,02 Jun 1962 - 15:00 ,39,146,47,2,2,77,2,2
147,1962,02 Jun 1962 - 15:00 ,40,147,48,1,3,55,1,3
148,1962,02 Jun 1962 - 15:00 ,41,148,49,2,2,73,1,3
149,1962,03 Jun 1962 - 15:00 ,38,149,46,1,3,78,2,2
150,1962,03 Jun 1962 - 15:00 ,39,150,47,2,2,79,1,3
151,1962,03 Jun 1962 - 15:00 ,40,151,48,1,3,57,1,3
152,1962,03 Jun 1962 - 15:00 ,41,152,49,1,3,74,1,3
153,1962,06 Jun 1962 - 15:00 ,38,153,46,1,3,80,1,3
154,1962,06 Jun 1962 - 15:00 ,39,154,47,3,1,81,1,3
155,1962,06 Jun 1962 - 15:00 ,40,155,48,2,2,82,2,2
156,1962,06 Jun 1962 - 15:00 ,41,156,49,1,3,75,1,3
157,1962,07 Jun 1962 - 15:00 ,38,157,46,1,3,83,1,3
158,1962,07 Jun 1962 - 15:00 ,39,158,47,1,3,72,1,3
159,1962,07 Jun 1962 - 15:00 ,40,159,48,2,2,84,2,2
160,1962,07 Jun 1962 - 15:00 ,41,160,49,1,3,55,1,3
161,1962,10 Jun 1962 - 14:30 ,42,161,46,1,3,74,1,3
162,1962,10 Jun 1962 - 14:30 ,42,162,47,2,2,77,1,3
163,1962,10 Jun 1962 - 14:30 ,42,163,48,1,3,55,1,3
164,1962,10 Jun 1962 - 14:30 ,42,164,49,2,2,82,1,3
165,1962,13 Jun 1962 - 14:30 ,43,165,47,2,2,72,1,3
166,1962,13 Jun 1962 - 14:30 ,43,166,49,1,3,82,1,3
167,1962,16 Jun 1962 - 14:30 ,44,167,49,2,2,57,1,3
168,1962,17 Jun 1962 - 14:30 ,45,168,49,2,2,55,1,3
169,1966,11 Jul 1966 - 19:30 ,46,169,50,2,2,53,2,2
170,1966,12 Jul 1966 - 19:30 ,47,170,51,1,3,85,1,3
171,1966,12 Jul 1966 - 19:30 ,48,171,52,1,3,86,1,3
172,1966,12 Jul 1966 - 19:30 ,49,172,53,1,3,57,1,3
173,1966,13 Jul 1966 - 19:30 ,46,173,50,2,2,87,2,2
174,1966,13 Jul 1966 - 19:30 ,48,174,54,1,3,88,1,3
175,1966,13 Jul 1966 - 19:30 ,47,175,55,2,2,89,1,3
176,1966,13 Jul 1966 - 19:30 ,49,176,56,1,3,72,1,3
177,1966,15 Jul 1966 - 19:30 ,46,177,57,1,3,76,1,3
178,1966,15 Jul 1966 - 19:30 ,47,178,51,3,1,90,1,3
179,1966,15 Jul 1966 - 19:30 ,48,179,52,2,2,91,1,3
180,1966,15 Jul 1966 - 19:30 ,49,180,53,3,1,92,2,2
181,1966,16 Jul 1966 - 15:00 ,48,181,54,1,3,56,1,3
182,1966,16 Jul 1966 - 15:00 ,47,182,55,2,2,93,2,2
183,1966,16 Jul 1966 - 15:00 ,49,183,56,2,2,94,1,3
184,1966,16 Jul 1966 - 19:30 ,46,184,50,1,3,95,1,3
185,1966,19 Jul 1966 - 16:30 ,46,185,50,2,2,96,2,2
186,1966,19 Jul 1966 - 19:30 ,47,186,51,2,2,66,1,3
187,1966,19 Jul 1966 - 19:30 ,48,187,52,1,3,97,1,3
188,1966,19 Jul 1966 - 19:30 ,49,188,53,1,3,77,1,3
189,1966,20 Jul 1966 - 19:30 ,46,189,50,1,3,82,1,3
190,1966,20 Jul 1966 - 19:30 ,48,190,54,1,3,98,1,3
191,1966,20 Jul 1966 - 19:30 ,47,191,55,2,2,99,1,3
192,1966,20 Jul 1966 - 19:30 ,49,192,56,2,2,100,1,3
193,1966,23 Jul 1966 - 15:00 ,50,193,50,2,2,94,1,3
194,1966,23 Jul 1966 - 15:00 ,50,194,51,1,3,101,1,3
195,1966,23 Jul 1966 - 15:00 ,50,195,56,1,3,57,1,3
196,1966,23 Jul 1966 - 15:00 ,50,196,52,3,1,87,1,3
197,1966,25 Jul 1966 - 19:30 ,51,197,52,1,3,95,1,3
198,1966,26 Jul 1966 - 19:30 ,51,198,50,1,3,77,1,3
199,1966,28 Jul 1966 - 19:30 ,52,199,50,2,2,91,1,3
200,1966,30 Jul 1966 - 15:00 ,53,200,50,2,2,72,1,3
201,1970,31 May 1970 - 12:00 ,54,201,58,2,2,86,2,2
202,1970,02 Jun 1970 - 16:00 ,55,202,59,1,3,75,1,3
203,1970,02 Jun 1970 - 16:00 ,56,203,60,3,1,102,1,3
204,1970,02 Jun 1970 - 16:00 ,57,204,61,2,2,103,1,3
205,1970,03 Jun 1970 - 16:00 ,55,205,62,1,3,104,1,3
206,1970,03 Jun 1970 - 16:00 ,56,206,60,3,1,105,1,3
207,1970,03 Jun 1970 - 16:00 ,57,207,61,2,2,106,1,3
208,1970,03 Jun 1970 - 16:00 ,54,208,58,1,3,107,1,3
209,1970,06 Jun 1970 - 16:00 ,55,209,59,2,2,108,2,2
210,1970,06 Jun 1970 - 16:00 ,56,210,60,2,2,90,1,3
211,1970,06 Jun 1970 - 16:00 ,57,211,61,3,1,109,1,3
212,1970,06 Jun 1970 - 16:00 ,54,212,58,1,3,110,1,3
213,1970,07 Jun 1970 - 12:00 ,55,213,62,2,2,111,2,2
214,1970,07 Jun 1970 - 12:00 ,56,214,60,1,3,112,1,3
215,1970,07 Jun 1970 - 12:00 ,57,215,61,2,2,113,1,3
216,1970,07 Jun 1970 - 12:00 ,54,216,58,1,3,92,1,3
217,1970,10 Jun 1970 - 16:00 ,55,217,59,2,2,114,1,3
218,1970,10 Jun 1970 - 16:00 ,56,218,60,1,3,115,1,3
219,1970,10 Jun 1970 - 16:00 ,57,219,61,1,3,116,1,3
220,1970,10 Jun 1970 - 16:00 ,54,220,58,2,2,117,1,3
221,1970,11 Jun 1970 - 16:00 ,55,221,62,2,2,118,2,2
222,1970,11 Jun 1970 - 16:00 ,56,222,60,1,3,119,2,2
223,1970,11 Jun 1970 - 16:00 ,57,223,61,2,2,120,1,3
224,1970,11 Jun 1970 - 16:00 ,54,224,58,1,3,121,1,3
225,1970,14 Jun 1970 - 12:00 ,58,225,62,2,2,110,1,3
226,1970,14 Jun 1970 - 12:00 ,58,226,60,2,2,121,1,3
227,1970,14 Jun 1970 - 12:00 ,58,227,61,1,3,103,1,3
228,1970,14 Jun 1970 - 12:00 ,58,228,58,2,2,105,1,3
229,1970,17 Jun 1970 - 16:00 ,59,229,61,2,2,112,1,3
230,1970,17 June 1970 - 16:00 ,59,230,58,2,2,82,1,3
231,1970,20 Jun 1970 - 16:00 ,60,231,58,1,3,102,1,3
232,1970,21 Jun 1970 - 12:00 ,61,232,58,2,2,108,1,3
233,1974,13 Jun 1974 - 17:00 ,62,233,63,2,2,110,2,2
234,1974,14 Jun 1974 - 16:00 ,63,234,64,1,3,122,1,3
235,1974,14 Jun 1974 - 19:30 ,63,235,65,2,2,123,1,3
236,1974,14 Jun 1974 - 19:30 ,62,236,66,3,1,124,3,1
237,1974,15 Jun 1974 - 16:00 ,64,237,67,3,1,125,3,1
238,1974,15 Jun 1974 - 16:00 ,64,238,68,2,2,126,2,2
239,1974,15 Jun 1974 - 18:00 ,65,239,69,2,2,127,1,3
240,1974,15 Jun 1974 - 18:00 ,65,240,70,1,3,128,1,3
241,1974,18 Jun 1974 - 16:00 ,63,241,65,3,1,129,3,1
242,1974,18 Jun 1974 - 19:30 ,62,242,63,2,2,130,2,2
243,1974,18 Jun 1974 - 19:30 ,63,243,64,2,2,131,2,2
244,1974,18 Jun 1974 - 19:30 ,62,244,71,1,3,132,1,3
245,1974,19 Jun 1974 - 19:30 ,64,245,66,2,2,133,2,2
246,1974,19 Jun 1974 - 19:30 ,64,246,67,2,2,104,2,2
247,1974,19 Jun 1974 - 19:30 ,65,247,69,3,1,134,3,1
248,1974,19 Jun 1974 - 19:30 ,65,248,70,2,2,135,2,2
249,1974,22 Jun 1974 - 16:00 ,62,249,63,2,2,136,2,2
250,1974,22 Jun 1974 - 16:00 ,63,250,64,2,2,137,2,2
251,1974,22 Jun 1974 - 16:00 ,62,251,71,3,1,138,3,1
252,1974,22 June 1974 - 19:30 ,63,252,65,2,2,106,1,3
253,1974,23 Jun 1974 - 16:00 ,64,253,66,3,1,139,3,1
254,1974,23 Jun 1974 - 16:00 ,65,254,69,1,3,140,1,3
255,1974,23 Jun 1974 - 16:00 ,64,255,68,2,2,141,1,3
256,1974,23 Jun 1974 - 16:00 ,65,256,70,1,3,142,1,3
257,1974,26 Jun 1974 - 16:00 ,66,257,68,3,1,99,3,1
258,1974,26 Jun 1974 - 19:30 ,67,258,67,2,2,128,1,3
259,1974,26 Jun 1974 - 19:30 ,67,259,71,1,3,75,1,3
260,1974,26 Jun 1974 - 19:30 ,66,260,70,3,1,106,3,1
261,1974,30 Jun 1974 - 16:00 ,67,261,67,2,2,103,3,1
262,1974,30 Jun 1974 - 16:00 ,66,262,63,2,2,108,1,3
263,1974,30 Jun 1974 - 16:00 ,67,263,71,3,1,110,3,1
264,1974,30 Jun 1974 - 19:30 ,66,264,68,3,1,135,1,3
265,1974,03 Jul 1974 - 17:00 ,66,265,63,2,2,141,3,1
266,1974,03 Jul 1974 - 19:30 ,67,266,66,2,2,86,1,3
267,1974,03 Jul 1974 - 19:30 ,67,267,71,2,2,104,2,2
268,1974,03 Jul 1974 - 19:30 ,66,268,68,2,2,143,1,3
269,1974,06 Jul 1974 - 16:00 ,68,269,69,2,2,131,3,1
270,1974,07 July 1974 - 16:00 ,69,270,69,3,1,104,3,1
271,1978,01 Jun 1978 - 15:00 ,70,271,72,2,2,121,2,2
272,1978,02 Jun 1978 - 13:45 ,71,272,73,2,2,138,1,3
273,1978,02 Jun 1978 - 16:45 ,70,273,74,3,1,144,1,3
274,1978,02 Jun 1978 - 19:15 ,71,274,72,2,2,145,1,3
275,1978,03 Jun 1978 - 13:45 ,72,275,73,2,2,128,2,2
276,1978,03 Jun 1978 - 13:45 ,72,276,75,2,2,125,1,3
277,1978,03 Jun 1978 - 16:45 ,73,277,76,2,2,146,1,3
278,1978,03 Jun 1978 - 16:45 ,73,278,77,1,3,136,1,3
279,1978,06 Jun 1978 - 13:45 ,71,279,73,1,3,106,1,3
280,1978,06 Jun 1978 - 16:45 ,70,280,74,1,3,147,1,3
281,1978,06 Jun 1978 - 16:45 ,70,281,76,1,3,148,1,3
282,1978,06 Jun 1978 - 19:15 ,71,282,72,1,3,149,1,3
283,1978,07 Jun 1978 - 13:45 ,72,283,73,2,2,150,2,2
284,1978,07 Jun 1978 - 13:45 ,72,284,75,1,3,151,1,3
285,1978,07 Jun 1978 - 16:45 ,73,285,76,1,3,123,2,2
286,1978,07 Jun 1978 - 16:45 ,73,286,77,2,2,152,2,2
287,1978,10 Jun 1978 - 15:10 ,71,287,73,1,3,153,1,3
288,1978,10 Jun 1978 - 16:45 ,70,288,74,1,3,137,1,3
289,1978,10 Jun 1978 - 16:45 ,70,289,76,2,2,154,2,2
290,1978,10 Jun 1978 - 19:15 ,71,290,72,2,2,113,1,3
291,1978,11 Jun 1978 - 13:45 ,72,291,73,1,3,155,1,3
292,1978,11 Jun 1978 - 13:45 ,72,292,75,2,2,156,1,3
293,1978,11 Jun 1978 - 16:45 ,73,293,76,1,3,157,1,3
294,1978,11 Jun 1978 - 16:45 ,73,294,77,2,2,141,1,3
295,1978,14 Jun 1978 - 13:45 ,74,295,72,2,2,158,2,2
296,1978,14 Jun 1978 - 13:45 ,74,296,76,1,3,144,1,3
297,1978,14 Jun 1978 - 16:45 ,75,297,77,1,3,138,1,3
298,1978,14 Jun 1978 - 19:15 ,75,298,74,1,3,146,1,3
299,1978,18 Jun 1978 - 13:45 ,75,299,77,2,2,159,1,3
300,1978,18 Jun 1978 - 16:45 ,74,300,72,1,3,160,1,3
301,1978,18 Jun 1978 - 16:45 ,74,301,76,2,2,106,2,2
302,1978,18 Jun 1978 - 19:15 ,75,302,74,2,2,125,2,2
303,1978,21 Jun 1978 - 13:45 ,74,303,72,3,1,147,1,3
304,1978,21 Jun 1978 - 13:45 ,74,304,76,3,1,113,1,3
305,1978,21 Jun 1978 - 16:45 ,75,305,77,2,2,161,1,3
306,1978,21 Jun 1978 - 19:15 ,75,306,74,1,3,155,1,3
307,1978,24 Jun 1978 - 15:00 ,76,307,72,3,1,113,1,3
308,1978,25 Jun 1978 - 15:00 ,77,308,72,2,2,150,1,3
309,1982,13 Jun 1982 - 20:00 ,78,309,78,2,2,162,3,1
310,1982,14 Jun 1982 - 17:15 ,79,310,79,2,2,163,2,2
311,1982,14 Jun 1982 - 21:00 ,80,311,80,3,1,164,1,3
312,1982,15 Jun 1982 - 17:15 ,79,312,81,2,2,165,2,2
313,1982,15 Jun 1982 - 21:00 ,78,313,82,1,3,166,1,3
314,1982,15 Jun 1982 - 21:00 ,80,314,83,1,3,167,1,3
315,1982,16 Jun 1982 - 17:15 ,81,315,84,2,2,168,3,1
316,1982,16 Jun 1982 - 17:15 ,82,316,85,2,2,145,1,3
317,1982,16 Jun 1982 - 21:00 ,83,317,86,3,1,169,2,2
318,1982,17 Jun 1982 - 17:15 ,81,318,87,3,1,170,3,1
319,1982,17 Jun 1982 - 17:45 ,82,319,88,1,3,171,2,2
320,1982,17 Jun 1982 - 21:00 ,83,320,89,2,2,172,2,2
321,1982,18 Jun 1982 - 17:15 ,79,321,79,1,3,173,2,2
322,1982,18 Jun 1982 - 21:00 ,78,322,90,1,3,174,1,3
323,1982,18 Jun 1982 - 21:00 ,80,323,91,2,2,175,1,3
324,1982,19 Jun 1982 - 19:15 ,79,324,81,2,2,176,2,2
325,1982,19 Jun 1982 - 21:00 ,78,325,82,1,3,177,1,3
326,1982,19 Jun 1982 - 21:00 ,80,326,83,1,3,178,1,3
327,1982,20 Jun 1982 - 17:15 ,81,327,84,1,3,179,1,3
328,1982,20 Jun 1982 - 17:15 ,82,328,85,2,2,151,1,3
329,1982,20 Jun 1982 - 21:00 ,83,329,86,2,2,180,1,3
330,1982,21 Jun 1982 - 17:15 ,81,330,87,2,2,139,3,1
331,1982,21 Jun 1982 - 17:15 ,82,331,88,1,3,181,1,3
332,1982,21 Jun 1982 - 21:00 ,83,332,89,3,1,182,2,2
333,1982,22 Jun 1982 - 17:15 ,79,333,81,2,2,183,1,3
334,1982,22 Jun 1982 - 21:00 ,78,334,82,3,1,184,2,2
335,1982,22 Jun 1982 - 21:00 ,80,335,83,3,1,138,2,2
336,1982,23 Jun 1982 - 17:15 ,79,336,79,2,2,185,2,2
337,1982,23 Jun 1982 - 21:00 ,78,337,90,1,3,186,1,3
338,1982,23 Jun 1982 - 21:00 ,80,338,91,1,3,187,1,3
339,1982,24 Jun 1982 - 17:15 ,81,339,87,1,3,188,1,3
340,1982,24 Jun 1982 - 17:15 ,82,340,88,2,2,189,2,2
341,1982,24 Jun 1982 - 21:00 ,83,341,89,2,2,190,3,1
342,1982,25 Jun 1982 - 17:15 ,81,342,84,1,3,191,1,3
343,1982,25 Jun 1982 - 17:15 ,82,343,85,1,3,192,1,3
344,1982,25 Jun 1982 - 21:00 ,83,344,86,2,2,193,1,3
345,1982,28 Jun 1982 - 17:15 ,84,345,92,3,1,125,3,1
346,1982,28 Jun 1982 - 21:00 ,85,346,78,1,3,175,1,3
347,1982,29 Jun 1982 - 17:15 ,86,347,93,2,2,138,1,3
348,1982,29 Jun 1982 - 21:00 ,87,348,94,2,2,153,2,2
349,1982,01 Jul 1982 - 17:15 ,84,349,92,3,1,152,2,2
350,1982,01 Jul 1982 - 21:00 ,85,350,78,2,2,163,3,1
351,1982,02 Jul 1982 - 17:15 ,86,351,93,3,1,183,3,1
352,1982,02 Jul 1982 - 21:00 ,87,352,94,2,2,189,1,3
353,1982,04 Jul 1982 - 17:15 ,84,353,92,1,3,157,1,3
354,1982,04 Jul 1982 - 21:00 ,85,354,78,2,2,191,2,2
355,1982,05 Jul 1982 - 17:15 ,86,355,93,1,3,113,1,3
356,1982,05 Jul 1982 - 21:00 ,87,356,94,2,2,176,2,2
357,1982,08 Jul 1982 - 17:15 ,88,357,78,3,1,170,3,1
358,1982,08 Jul 1982 - 21:00 ,88,358,80,2,2,151,2,2
359,1982,10 Jul 1982 - 20:00 ,89,359,90,1,3,145,1,3
360,1982,11 Jul 1982 - 20:00 ,90,360,94,2,2,153,1,3
361,1986,31 May 1986 - 12:00 ,91,361,58,3,1,172,2,2
362,1986,01 Jun 1986 - 16:00 ,92,362,60,2,2,194,3,1
363,1986,01 Jun 1986 - 12:00 ,93,363,61,2,2,195,3,1
364,1986,02 Jun 1986 - 12:00 ,92,364,95,1,3,196,1,3
365,1986,02 Jun 1986 - 12:00 ,91,365,96,1,3,197,1,3
366,1986,02 Jun 1986 - 16:00 ,94,366,97,2,2,198,2,2
367,1986,03 Jun 1986 - 12:00 ,93,367,98,3,1,199,2,2
368,1986,03 Jun 1986 - 12:00 ,95,368,58,3,1,200,3,1
369,1986,03 Jun 1986 - 16:00 ,94,369,99,2,2,201,1,3
370,1986,04 Jun 1986 - 12:00 ,95,370,100,1,3,202,1,3
371,1986,04 Jun 1986 - 16:00 ,96,371,101,2,2,203,3,1
372,1986,04 Jun 1986 - 12:00 ,96,372,102,1,3,162,2,2
373,1986,05 Jun 1986 - 12:00 ,91,373,59,2,2,204,2,2
374,1986,05 Jun 1986 - 12:00 ,92,374,60,2,2,205,2,2
375,1986,05 Jun 1986 - 16:00 ,91,375,96,3,1,206,2,2
376,1986,06 Jun 1986 - 12:00 ,92,376,95,1,3,207,1,3
377,1986,06 Jun 1986 - 12:00 ,93,377,61,2,2,188,1,3
378,1986,06 Jun 1986 - 16:00 ,94,378,99,2,2,208,2,2
379,1986,07 Jun 1986 - 12:00 ,93,379,98,3,1,209,3,1
380,1986,07 Jun 1986 - 12:00 ,95,380,58,1,3,210,2,2
381,1986,07 Jun 1986 - 16:00 ,94,381,97,2,2,211,1,3
382,1986,08 Jun 1986 - 12:00 ,95,382,100,3,1,212,3,1
383,1986,08 Jun 1986 - 16:00 ,96,383,101,1,3,213,1,3
384,1986,08 Jun 1986 - 12:00 ,96,384,102,2,2,214,1,3
385,1986,09 Jun 1986 - 12:00 ,92,385,60,3,1,215,3,1
386,1986,09 Jun 1986 - 12:00 ,92,386,95,2,2,216,1,3
387,1986,10 Jun 1986 - 12:00 ,91,387,59,3,1,167,3,1
388,1986,10 Jun 1986 - 12:00 ,91,388,96,1,3,217,1,3
389,1986,11 Jun 1986 - 12:00 ,95,389,100,3,1,185,2,2
390,1986,11 Jun 1986 - 12:00 ,95,390,58,2,2,218,3,1
391,1986,11 Jun 1986 - 16:00 ,94,391,98,3,1,219,3,1
392,1986,11 Jun 1986 - 16:00 ,94,392,99,1,3,220,1,3
393,1986,12 Jun 1986 - 12:00 ,93,393,61,3,1,221,3,1
394,1986,12 Jun 1986 - 12:00 ,93,394,99,3,1,222,3,1
395,1986,13 Jun 1986 - 12:00 ,96,395,101,2,2,223,2,2
396,1986,13 Jun 1986 - 12:00 ,96,396,102,1,3,176,1,3
397,1986,15 Jun 1986 - 16:00 ,97,397,60,2,2,172,3,1
398,1986,15 Jun 1986 - 12:00 ,97,398,58,1,3,205,1,3
399,1986,16 Jun 1986 - 16:00 ,97,399,59,1,3,196,1,3
400,1986,16 Jun 1986 - 12:00 ,97,400,61,1,3,201,1,3
401,1986,17 Jun 1986 - 12:00 ,97,401,96,3,1,200,3,1
402,1986,17 Jun 1986 - 16:00 ,97,402,97,2,2,218,3,1
403,1986,18 Jun 1986 - 12:00 ,97,403,58,1,3,207,1,3
404,1986,18 Jun 1986 - 16:00 ,97,404,102,2,2,204,3,1
405,1986,21 Jun 1986 - 12:00 ,98,405,61,2,2,214,2,2
406,1986,21 Jun 1986 - 16:00 ,98,406,97,2,2,212,2,2
407,1986,22 Jun 1986 - 16:00 ,98,407,59,2,2,221,2,2
408,1986,22 Jun 1986 - 12:00 ,98,408,58,2,2,211,1,3
409,1986,25 Jun 1986 - 12:00 ,99,409,61,3,1,196,3,1
410,1986,25 Jun 1986 - 16:00 ,99,410,58,2,2,213,1,3
411,1986,28 Jun 1986 - 12:00 ,100,411,59,2,2,210,1,3
412,1986,29 Jun 1986 - 12:00 ,101,412,58,1,3,205,1,3
413,1990,08 Jun 1990 - 18:00 ,102,413,103,2,2,163,3,1
414,1990,09 Jun 1990 - 17:00 ,102,414,104,3,1,170,3,1
415,1990,09 Jun 1990 - 17:00 ,103,415,105,2,2,210,3,1
416,1990,09 Jun 1990 - 21:00 ,104,416,106,2,2,224,1,3
417,1990,10 Jun 1990 - 17:00 ,104,417,107,3,1,225,3,1
418,1990,10 Jun 1990 - 21:00 ,105,418,108,1,3,226,1,3
419,1990,10 Jun 1990 - 21:00 ,103,419,103,1,3,227,1,3
420,1990,11 Jun 1990 - 17:00 ,105,420,9,2,2,228,1,3
421,1990,11 Jun 1990 - 21:00 ,106,421,109,1,3,229,2,2
422,1990,12 Jun 1990 - 17:00 ,107,422,110,2,2,230,1,3
423,1990,12 Jun 1990 - 21:00 ,106,423,111,2,2,231,2,2
424,1990,13 Jun 1990 - 17:00 ,107,424,112,2,2,232,2,2
425,1990,13 Jun 1990 - 21:00 ,102,425,113,1,3,172,1,3
426,1990,14 Jun 1990 - 17:00 ,102,426,104,2,2,194,1,3
427,1990,14 Jun 1990 - 17:00 ,103,427,105,2,2,196,1,3
428,1990,14 Jun 1990 - 21:00 ,104,428,106,1,3,233,1,3
429,1990,15 Jun 1990 - 17:00 ,104,429,107,3,1,234,3,1
430,1990,15 Jun 1990 - 21:00 ,103,430,103,1,3,235,1,3
431,1990,16 Jun 1990 - 17:00 ,105,431,108,1,3,236,1,3
432,1990,16 Jun 1990 - 21:00 ,105,432,9,3,1,237,3,1
433,1990,16 Jun 1990 - 21:00 ,106,433,109,2,2,218,2,2
434,1990,17 Jun 1990 - 17:00 ,106,434,111,2,2,238,2,2
435,1990,17 Jun 1990 - 21:00 ,107,435,112,2,2,239,3,1
436,1990,17 Jun 1990 - 21:00 ,107,436,110,1,3,221,1,3
437,1990,18 Jun 1990 - 21:00 ,102,437,113,2,2,215,2,2
438,1990,18 Jun 1990 - 21:00 ,102,438,104,3,1,224,3,1
439,1990,19 Jun 1990 - 17:00 ,103,439,103,2,2,219,2,2
440,1990,19 Jun 1990 - 17:00 ,103,440,105,1,3,222,1,3
441,1990,19 Jun 1990 - 21:00 ,104,441,106,1,3,223,1,3
442,1990,19 Jun 1990 - 21:00 ,104,442,107,2,2,207,1,3
443,1990,20 Jun 1990 - 21:00 ,105,443,108,2,2,232,1,3
444,1990,20 Jun 1990 - 21:00 ,105,444,9,1,3,218,3,1
445,1990,21 Jun 1990 - 17:00 ,107,445,114,2,2,226,3,1
446,1990,21 Jun 1990 - 17:00 ,107,446,110,3,1,228,3,1
447,1990,21 Jun 1990 - 21:00 ,106,447,111,3,1,163,2,2
448,1990,21 Jun 1990 - 21:00 ,106,448,109,2,2,225,1,3
449,1990,23 Jun 1990 - 17:00 ,108,449,113,2,2,226,1,3
450,1990,23 Jun 1990 - 21:00 ,108,450,104,1,3,221,1,3
451,1990,24 Jun 1990 - 17:00 ,108,451,108,2,2,223,3,1
452,1990,24 Jun 1990 - 21:00 ,108,452,103,2,2,228,1,3
453,1990,25 Jun 1990 - 17:00 ,108,453,9,2,2,224,2,2
454,1990,25 Jun 1990 - 21:00 ,108,454,106,2,2,210,1,3
455,1990,26 Jun 1990 - 17:00 ,108,455,110,2,2,229,3,1
456,1990,26 Jun 1990 - 21:00 ,108,456,105,2,2,227,1,3
457,1990,30 Jun 1990 - 17:00 ,109,457,107,2,2,225,2,2
458,1990,30 Jun 1990 - 21:00 ,109,458,106,1,3,215,1,3
459,1990,01 Jul 1990 - 17:00 ,109,459,103,1,3,232,1,3
460,1990,01 Jul 1990 - 21:00 ,109,460,113,2,2,233,1,3
461,1990,03 Jul 1990 - 20:00 ,110,461,113,2,2,163,2,2
462,1990,04 Jul 1990 - 20:00 ,110,462,108,2,2,224,2,2
463,1990,07 Jul 1990 - 20:00 ,111,463,104,2,2,223,1,3
464,1990,08 Jul 1990 - 20:00 ,112,464,106,2,2,233,1,3
465,1994,17 Jun 1994 - 19:30 ,113,465,115,2,2,227,2,2
466,1994,17 Jun 1994 - 15:00 ,113,466,116,2,2,240,1,3
467,1994,18 Jun 1994 - 11:30 ,114,467,117,2,2,241,2,2
468,1994,18 Jun 1994 - 16:00 ,115,468,118,3,1,242,3,1
469,1994,18 Jun 1994 - 19:30 ,114,469,119,3,1,207,3,1
470,1994,19 Jun 1994 - 12:30 ,116,470,120,1,3,243,1,3
471,1994,19 Jun 1994 - 16:00 ,115,471,121,2,2,244,1,3
472,1994,19 Jun 1994 - 19:30 ,117,472,119,2,2,245,2,2
473,1994,20 Jun 1994 - 19:30 ,116,473,121,3,1,246,1,3
474,1994,20 Jun 1994 - 16:00 ,117,474,122,1,3,247,1,3
475,1994,21 Jun 1994 - 12:30 ,118,475,123,1,3,248,1,3
476,1994,21 Jun 1994 - 19:30 ,118,476,115,1,3,249,1,3
477,1994,21 Jun 1994 - 16:00 ,113,477,116,3,1,250,2,2
478,1994,22 Jun 1994 - 16:00 ,114,478,117,2,2,236,3,1
479,1994,22 Jun 1994 - 19:30 ,114,479,119,1,3,251,1,3
480,1994,23 Jun 1994 - 16:00 ,115,480,118,2,2,252,1,3
481,1994,23 Jun 1994 - 19:30 ,113,481,123,2,2,253,2,2
482,1994,24 Jun 1994 - 12:30 ,115,482,120,1,3,225,1,3
483,1994,24 Jun 1994 - 19:30 ,117,483,117,2,2,223,1,3
484,1994,24 Jun 1994 - 16:00 ,117,484,122,1,3,240,1,3
485,1994,25 Jun 1994 - 12:30 ,116,485,120,2,2,254,1,3
486,1994,25 Jun 1994 - 12:30 ,116,486,118,1,3,255,1,3
487,1994,25 Jun 1994 - 16:00 ,118,487,123,1,3,256,1,3
488,1994,26 Jun 1994 - 12:30 ,118,488,116,1,3,257,1,3
489,1994,26 Jun 1994 - 16:00 ,114,489,119,3,1,242,3,1
490,1994,26 Jun 1994 - 16:00 ,114,490,122,3,1,227,3,1
491,1994,27 Jun 1994 - 16:00 ,113,491,115,1,3,223,1,3
492,1994,27 Jun 1994 - 16:00 ,113,492,116,3,1,249,3,1
493,1994,28 Jun 1994 - 12:30 ,115,493,118,2,2,243,2,2
494,1994,28 Jun 1994 - 16:00 ,117,494,117,3,1,244,2,2
495,1994,28 Jun 1994 - 12:30 ,115,495,121,2,2,241,2,2
496,1994,28 Jun 1994 - 16:00 ,117,496,122,1,3,207,1,3
497,1994,29 Jun 1994 - 12:30 ,116,497,120,3,1,245,3,1
498,1994,29 Jun 1994 - 12:30 ,116,498,121,3,1,252,3,1
499,1994,30 Jun 1994 - 19:30 ,118,499,123,3,1,253,3,1
500,1994,30 Jun 1994 - 19:30 ,118,500,115,2,2,236,3,1
501,1994,02 Jul 1994 - 12:00 ,119,501,116,1,3,225,1,3
502,1994,02 Jul 1994 - 16:30 ,119,502,121,1,3,242,1,3
503,1994,03 Jul 1994 - 12:00 ,119,503,115,3,1,254,3,1
504,1994,03 Jul 1994 - 13:30 ,119,504,119,1,3,258,1,3
505,1994,04 Jul 1994 - 12:00 ,119,505,120,1,3,227,1,3
506,1994,04 Jul 1994 - 12:30 ,119,506,122,2,2,223,1,3
507,1994,05 Jul 1994 - 13:00 ,119,507,123,2,2,240,3,1
508,1994,05 Jul 1994 - 16:30 ,119,508,118,2,2,207,2,2
509,1994,09 Jul 1994 - 12:00 ,120,509,123,1,3,244,1,3
510,1994,09 Jul 1994 - 14:30 ,120,510,115,2,2,249,3,1
511,1994,10 Jul 1994 - 12:00 ,120,511,118,2,2,243,1,3
512,1994,10 Jul 1994 - 12:30 ,120,512,122,2,2,255,2,2
513,1994,13 Jul 1994 - 16:00 ,121,513,118,3,1,223,3,1
514,1994,13 Jul 1994 - 16:30 ,121,514,119,2,2,243,3,1
515,1994,16 Jul 1994 - 12:30 ,122,515,119,1,3,257,1,3
516,1994,17 Jul 1994 - 12:30 ,123,516,119,2,2,244,2,2
517,1998,10 Jun 1998 - 17:30 ,124,517,124,2,2,259,1,3
518,1998,10 Jun 1998 - 21:00 ,124,518,125,2,2,260,2,2
519,1998,11 Jun 1998 - 17:30 ,125,519,19,2,2,261,2,2
520,1998,11 Jun 1998 - 21:00 ,125,520,15,2,2,262,2,2
521,1998,12 Jun 1998 - 14:30 ,126,521,125,2,2,263,2,2
522,1998,12 Jun 1998 - 17:30 ,127,522,126,2,2,264,3,1
523,1998,12 Jun 1998 - 21:00 ,127,523,16,1,3,265,1,3
524,1998,13 Jun 1998 - 14:30 ,126,524,127,2,2,266,3,1
525,1998,13 Jun 1998 - 17:30 ,128,525,128,1,3,267,3,1
526,1998,13 Jun 1998 - 21:00 ,128,526,124,2,2,268,2,2
527,1998,14 Jun 1998 - 14:30 ,129,527,15,1,3,242,1,3
528,1998,14 Jun 1998 - 17:30 ,130,528,129,2,2,245,1,3
529,1998,14 Jun 1998 - 21:00 ,129,529,126,2,2,269,3,1
530,1998,15 Jun 1998 - 14:30 ,131,530,16,1,3,270,1,3
531,1998,15 Jun 1998 - 17:30 ,131,531,128,1,3,247,1,3
532,1998,15 Jun 1998 - 21:00 ,130,532,12,1,3,271,1,3
533,1998,16 Jun 1998 - 17:30 ,124,533,19,2,2,272,2,2
534,1998,16 Jun 1998 - 21:00 ,124,534,127,1,3,273,1,3
535,1998,17 Jun 1998 - 17:30 ,125,535,129,2,2,274,2,2
536,1998,17 Jun 1998 - 21:00 ,125,536,125,1,3,275,1,3
537,1998,18 Jun 1998 - 17:30 ,127,537,15,3,1,276,2,2
538,1998,18 Jun 1998 - 21:00 ,127,538,124,1,3,240,1,3
539,1998,19 Jun 1998 - 17:30 ,126,539,12,1,3,277,1,3
540,1998,19 Jun 1998 - 21:00 ,126,540,129,2,2,278,2,2
541,1998,20 Jun 1998 - 14:30 ,129,541,127,2,2,279,3,1
542,1998,20 Jun 1998 - 17:30 ,128,542,19,1,3,280,2,2
543,1998,20 Jun 1998 - 21:00 ,128,543,16,1,3,281,1,3
544,1998,21 Jun 1998 - 14:30 ,130,544,126,3,1,282,2,2
545,1998,21 Jun 1998 - 17:30 ,129,545,12,1,3,283,1,3
546,1998,21 Jun 1998 - 21:00 ,130,546,128,3,1,284,3,1
547,1998,22 Jun 1998 - 17:30 ,131,547,125,2,2,285,1,3
548,1998,22 Jun 1998 - 21:00 ,131,548,15,2,2,286,1,3
549,1998,23 Jun 1998 - 16:00 ,125,549,124,2,2,287,1,3
550,1998,23 Jun 1998 - 16:00 ,125,550,127,1,3,272,2,2
551,1998,23 Jun 1998 - 21:00 ,124,551,129,3,1,257,3,1
552,1998,23 Jun 1998 - 21:00 ,124,552,16,2,2,266,3,1
553,1998,24 Jun 1998 - 16:00 ,127,553,128,2,2,268,1,3
554,1998,24 Jun 1998 - 16:00 ,127,554,19,2,2,277,2,2
555,1998,24 Jun 1998 - 21:00 ,126,555,126,1,3,242,1,3
556,1998,24 Jun 1998 - 21:00 ,126,556,15,2,2,260,3,1
557,1998,25 Jun 1998 - 16:00 ,128,557,12,1,3,265,2,2
558,1998,25 Jun 1998 - 16:00 ,128,558,129,1,3,263,2,2
559,1998,25 Jun 1998 - 21:00 ,130,559,125,2,2,262,1,3
560,1998,25 Jun 1998 - 21:00 ,130,560,127,3,1,274,3,1
561,1998,26 Jun 1998 - 16:00 ,129,561,128,3,1,267,3,1
562,1998,26 Jun 1998 - 16:00 ,129,562,19,1,3,271,1,3
563,1998,26 Jun 1998 - 21:00 ,131,563,124,3,1,275,2,2
564,1998,26 Jun 1998 - 21:00 ,131,564,126,3,1,240,3,1
565,1998,27 Jun 1998 - 16:30 ,132,565,16,1,3,285,1,3
566,1998,27 Jun 1998 - 21:00 ,132,566,12,1,3,286,1,3
567,1998,28 Jun 1998 - 16:30 ,132,567,126,2,2,257,1,3
568,1998,28 Jun 1998 - 21:00 ,132,568,124,3,1,284,3,1
569,1998,29 Jun 1998 - 16:30 ,132,569,125,2,2,269,1,3
570,1998,29 Jun 1998 - 21:00 ,132,570,15,1,3,259,1,3
571,1998,30 Jun 1998 - 16:30 ,132,571,19,3,1,264,3,1
572,1998,30 Jun 1998 - 21:00 ,132,572,129,2,2,282,2,2
573,1998,03 Jul 1998 - 16:30 ,133,573,124,2,2,280,2,2
574,1998,03 Jul 1998 - 21:00 ,133,574,127,1,3,274,1,3
575,1998,04 Jul 1998 - 16:30 ,133,575,16,2,2,240,1,3
576,1998,04 Jul 1998 - 21:00 ,133,576,128,3,1,283,3,1
577,1998,07 Jul 1998 - 21:00 ,134,577,16,2,2,257,2,2
578,1998,08 Jul 1998 - 21:00 ,134,578,124,2,2,259,1,3
579,1998,11 Jul 1998 - 21:00 ,135,579,12,3,1,262,3,1
580,1998,12 Jul 1998 - 21:00 ,136,580,124,3,1,271,3,1
581,2002,31 May 2002 - 20:30 ,137,581,130,3,1,257,3,1
582,2002,01 Jun 2002 - 18:00 ,137,582,131,3,1,288,3,1
583,2002,01 Jun 2002 - 15:30 ,138,583,132,3,1,289,2,2
584,2002,01 Jun 2002 - 20:30 ,138,584,133,1,3,290,1,3
585,2002,02 Jun 2002 - 14:30 ,139,585,134,2,2,291,1,3
586,2002,02 Jun 2002 - 16:30 ,140,586,135,1,3,292,2,2
587,2002,02 Jun 2002 - 18:30 ,139,587,136,1,3,293,2,2
588,2002,02 Jun 2002 - 20:30 ,140,588,137,1,3,294,1,3
589,2002,03 June 2002 - 18:00 ,141,589,131,3,1,295,1,3
590,2002,03 Jun 2002 - 20:30 ,142,590,133,1,3,296,1,3
591,2002,03 Jun 2002 - 15:30 ,142,591,132,2,2,297,3,1
592,2002,04 June 2002 - 15:30 ,141,592,137,2,2,298,3,1
593,2002,04 June 2002 - 18:00 ,143,593,136,2,2,299,2,2
594,2002,04 Jun 2002 - 20:30 ,144,594,135,1,3,300,1,3
595,2002,05 Jun 2002 - 15:30 ,143,595,138,2,2,301,1,3
596,2002,05 Jun 2002 - 18:00 ,144,596,139,1,3,302,1,3
597,2002,05 Jun 2002 - 20:30 ,138,597,134,1,3,282,2,2
598,2002,06 Jun 2002 - 15:30 ,137,598,140,1,3,303,2,2
599,2002,06 Jun 2002 - 18:00 ,138,599,136,2,2,304,1,3
600,2002,06 Jun 2002 - 20:30 ,137,600,135,2,2,305,2,2
601,2002,07 Jun 2002 - 15:30 ,139,601,138,2,2,306,1,3
602,2002,07 Jun 2002 - 20:30 ,139,602,133,3,1,268,3,1
603,2002,07 June 2002 - 18:00 ,140,603,141,3,1,274,1,3
604,2002,08 Jun 2002 - 15:30 ,140,604,140,1,3,307,1,3
605,2002,08 Jun 2002 - 20:30 ,141,605,142,1,3,308,1,3
606,2002,08 June 2002 - 18:00 ,142,606,134,2,2,309,3,1
607,2002,09 Jun 2002 - 18:00 ,141,607,143,2,2,310,2,2
608,2002,09 Jun 2002 - 20:30 ,143,608,144,2,2,311,1,3
609,2002,09 Jun 2002 - 15:30 ,142,609,145,2,2,312,1,3
610,2002,10 Jun 2002 - 15:30 ,144,610,140,3,1,284,2,2
611,2002,10 Jun 2002 - 20:30 ,144,611,141,1,3,280,1,3
612,2002,10 Jun 2002 - 18:00 ,143,612,146,2,2,313,2,2
613,2002,11 Jun 2002 - 15:30 ,137,613,143,1,3,269,1,3
614,2002,11 June 2002 - 15:30 ,137,614,139,1,3,314,2,2
615,2002,11 Jun 2002 - 20:30 ,138,615,144,3,1,315,3,1
616,2002,11 Jun 2002 - 20:30 ,138,616,147,2,2,316,3,1
617,2002,12 Jun 2002 - 15:30 ,139,617,145,2,2,257,2,2
618,2002,12 Jun 2002 - 15:30 ,139,618,148,2,2,296,2,2
619,2002,12 Jun 2002 - 20:30 ,140,619,142,1,3,305,3,1
620,2002,12 Jun 2002 - 20:30 ,140,620,149,3,1,288,3,1
621,2002,13 Jun 2002 - 15:30 ,141,621,139,3,1,274,3,1
622,2002,13 Jun 2002 - 15:30 ,141,622,130,1,3,300,1,3
623,2002,13 Jun 2002 - 20:30 ,142,623,144,2,2,299,1,3
624,2002,13 Jun 2002 - 20:30 ,142,624,146,1,3,293,2,2
625,2002,14 Jun 2002 - 15:30 ,143,625,148,2,2,291,3,1
626,2002,14 Jun 2002 - 20:30 ,144,626,143,2,2,307,3,1
627,2002,14 Jun 2002 - 20:30 ,144,627,149,1,3,317,1,3
628,2002,14 Jun 2002 - 15:30 ,143,628,147,1,3,282,1,3
629,2002,15 Jun 2002 - 20:30 ,145,629,132,3,1,311,3,1
630,2002,15 Jun 2002 - 15:30 ,145,630,142,2,2,303,1,3
631,2002,16 Jun 2002 - 20:30 ,145,631,139,2,2,308,2,2
632,2002,16 Jun 2002 - 15:30 ,145,632,146,2,2,290,3,1
633,2002,17 Jun 2002 - 20:30 ,145,633,138,2,2,301,1,3
634,2002,17 June 2002 - 15:30 ,145,634,141,3,1,269,3,1
635,2002,18 Jun 2002 - 15:30 ,145,635,145,3,1,268,3,1
636,2002,18 Jun 2002 - 20:30 ,145,636,149,2,2,302,1,3
637,2002,21 Jun 2002 - 15:30 ,146,637,147,2,2,305,3,1
638,2002,21 Jun 2002 - 20:30 ,146,638,131,1,3,280,1,3
639,2002,22 Jun 2002 - 20:30 ,146,639,148,2,2,300,3,1
640,2002,22 Jun 2002 - 15:30 ,146,640,137,2,2,274,2,2
641,2002,25 Jun 2002 - 20:30 ,147,641,130,2,2,284,1,3
642,2002,26 Jun 2002 - 20:30 ,147,642,136,2,2,282,1,3
643,2002,29 Jun 2002 - 20:00 ,148,643,140,3,1,288,3,1
644,2002,30 Jun 2002 - 20:00 ,149,644,144,2,2,268,3,1
645,2006,09 Jun 2006 - 18:00 ,150,645,150,1,3,318,1,3
646,2006,09 Jun 2006 - 21:00 ,150,646,151,3,1,289,3,1
647,2006,10 Jun 2006 - 15:00 ,151,647,152,1,3,319,1,3
648,2006,10 Jun 2006 - 18:00 ,151,648,153,2,2,320,2,2
649,2006,10 Jun 2006 - 21:00 ,152,649,154,1,3,321,1,3
650,2006,11 Jun 2006 - 15:00 ,152,650,155,3,1,311,3,1
651,2006,11 Jun 2006 - 18:00 ,153,651,156,2,2,322,1,3
652,2006,11 Jun 2006 - 21:00 ,153,652,157,3,1,323,3,1
653,2006,12 Jun 2006 - 15:00 ,154,653,158,3,1,324,1,3
654,2006,12 Jun 2006 - 18:00 ,155,654,151,3,1,325,3,1
655,2006,12 Jun 2006 - 21:00 ,155,655,159,1,3,293,1,3
656,2006,13 Jun 2006 - 15:00 ,156,656,152,3,1,309,1,3
657,2006,13 Jun 2006 - 18:00 ,156,657,160,2,2,326,2,2
658,2006,13 Jun 2006 - 21:00 ,154,658,161,1,3,327,1,3
659,2006,14 Jun 2006 - 15:00 ,157,659,155,1,3,328,1,3
660,2006,14 Jun 2006 - 18:00 ,157,660,150,1,3,313,2,2
661,2006,14 Jun 2006 - 21:00 ,150,661,153,2,2,329,1,3
662,2006,15 Jun 2006 - 15:00 ,150,662,154,1,3,310,1,3
663,2006,15 Jun 2006 - 18:00 ,151,663,156,2,2,289,1,3
664,2006,15 Jun 2006 - 21:00 ,151,664,161,2,2,292,1,3
665,2006,16 Jun 2006 - 15:00 ,152,665,151,1,3,322,1,3
666,2006,16 Jun 2006 - 18:00 ,152,666,160,1,3,300,1,3
667,2006,16 Jun 2006 - 21:00 ,153,667,159,2,2,320,2,2
668,2006,17 Jun 2006 - 15:00 ,153,668,152,2,2,330,1,3
669,2006,17 Jun 2006 - 18:00 ,155,669,157,3,1,318,3,1
670,2006,17 Jun 2006 - 21:00 ,155,670,158,2,2,323,2,2
671,2006,18 Jun 2006 - 15:00 ,154,671,156,2,2,321,2,2
672,2006,18 Jun 2006 - 18:00 ,154,672,150,2,2,311,1,3
673,2006,18 Jun 2006 - 21:00 ,156,673,155,1,3,327,2,2
674,2006,19 Jun 2006 - 15:00 ,156,674,153,3,1,325,3,1
675,2006,19 Jun 2006 - 18:00 ,157,675,154,3,1,309,3,1
676,2006,19 Jun 2006 - 21:00 ,157,676,160,3,1,293,1,3
677,2006,20 Jun 2006 - 16:00 ,150,677,161,3,1,326,3,1
678,2006,20 Jun 2006 - 16:00 ,150,678,159,2,2,320,3,1
679,2006,20 Jun 2006 - 21:00 ,151,679,157,3,1,328,2,2
680,2006,20 Jun 2006 - 21:00 ,151,680,158,1,3,322,1,3
681,2006,21 Jun 2006 - 16:00 ,153,681,155,2,2,313,2,2
682,2006,21 Jun 2006 - 16:00 ,153,682,151,1,3,292,1,3
683,2006,21 Jun 2006 - 21:00 ,152,683,152,2,2,329,2,2
684,2006,21 Jun 2006 - 21:00 ,152,684,150,3,1,319,1,3
685,2006,22 Jun 2006 - 16:00 ,155,685,154,3,1,327,3,1
686,2006,22 Jun 2006 - 16:00 ,155,686,156,1,3,311,1,3
687,2006,22 Jun 2006 - 21:00 ,154,687,153,2,2,330,3,1
688,2006,22 Jun 2006 - 21:00 ,154,688,160,2,2,309,2,2
689,2006,23 Jun 2006 - 16:00 ,157,689,161,2,2,325,1,3
690,2006,23 Jun 2006 - 16:00 ,157,690,158,3,1,310,3,1
691,2006,23 Jun 2006 - 21:00 ,156,691,157,2,2,323,3,1
692,2006,23 Jun 2006 - 21:00 ,156,692,159,1,3,318,1,3
693,2006,24 Jun 2006 - 17:00 ,158,693,150,1,3,293,1,3
694,2006,24 Jun 2006 - 21:00 ,158,694,155,2,2,328,1,3
695,2006,25 Jun 2006 - 17:00 ,158,695,160,2,2,321,1,3
696,2006,25 Jun 2006 - 21:00 ,158,696,156,1,3,326,1,3
697,2006,26 Jun 2006 - 17:00 ,158,697,158,2,2,329,1,3
698,2006,26 Jun 2006 - 21:00 ,158,698,157,2,2,327,2,2
699,2006,27 Jun 2006 - 17:00 ,158,699,153,1,3,292,1,3
700,2006,27 Jun 2006 - 21:00 ,158,700,159,2,2,322,3,1
701,2006,30 Jun 2006 - 17:00 ,159,701,161,2,2,292,2,2
702,2006,30 Jun 2006 - 21:00 ,159,702,154,1,3,321,1,3
703,2006,01 Jul 2006 - 17:00 ,159,703,151,2,2,318,2,2
704,2006,01 Jul 2006 - 21:00 ,159,704,152,2,2,329,3,1
705,2006,04 Jul 2006 - 21:00 ,160,705,153,2,2,327,3,1
706,2006,05 Jul 2006 - 21:00 ,160,706,150,3,1,323,3,1
707,2006,08 Jul 2006 - 21:00 ,161,707,160,2,2,289,1,3
708,2006,09 Jul 2006 - 20:00 ,162,708,161,2,2,318,2,2
709,2010,11 Jun 2010 - 16:00 ,163,709,162,2,2,331,2,2
710,2010,11 Jun 2010 - 20:30 ,163,710,163,2,2,332,2,2
711,2010,12 Jun 2010 - 13:30 ,164,711,164,1,3,333,1,3
712,2010,12 Jun 2010 - 16:00 ,164,712,165,1,3,334,1,3
713,2010,12 Jun 2010 - 20:30 ,165,713,166,2,2,293,2,2
714,2010,13 Jun 2010 - 13:30 ,165,714,167,2,2,303,3,1
715,2010,13 Jun 2010 - 16:00 ,166,715,168,2,2,335,3,1
716,2010,13 Jun 2010 - 20:30 ,166,716,169,1,3,319,1,3
717,2010,14 Jun 2010 - 13:30 ,167,717,162,2,2,336,1,3
718,2010,14 Jun 2010 - 16:00 ,167,718,170,1,3,337,1,3
719,2010,14 Jun 2010 - 20:30 ,168,719,163,3,1,327,2,2
720,2010,15 Jun 2010 - 13:30 ,168,720,166,2,2,338,2,2
721,2010,15 Jun 2010 - 16:00 ,169,721,164,2,2,323,2,2
722,2010,15 Jun 2010 - 20:30 ,169,722,165,2,2,339,1,3
723,2010,16 Jun 2010 - 13:30 ,170,723,171,3,1,340,3,1
724,2010,16 Jun 2010 - 16:00 ,170,724,169,2,2,341,3,1
725,2010,16 Jun 2010 - 20:30 ,163,725,168,3,1,328,3,1
726,2010,17 Jun 2010 - 13:30 ,164,726,162,1,3,321,1,3
727,2010,17 Jun 2010 - 16:00 ,164,727,170,2,2,300,1,3
728,2010,17 Jun 2010 - 20:30 ,163,728,167,2,2,342,3,1
729,2010,18 Jun 2010 - 13:30 ,166,729,164,3,1,343,3,1
730,2010,18 Jun 2010 - 16:00 ,165,730,165,1,3,344,2,2
731,2010,18 Jun 2010 - 20:30 ,165,731,163,2,2,331,2,2
732,2010,19 Jun 2010 - 13:30 ,167,732,169,2,2,335,1,3
733,2010,19 Jun 2010 - 16:00 ,166,733,166,2,2,322,2,2
734,2010,19 Jun 2010 - 20:30 ,167,734,168,2,2,323,3,1
735,2010,20 Jun 2010 - 13:30 ,168,735,170,3,1,340,3,1
736,2010,20 Jun 2010 - 16:00 ,168,736,171,2,2,303,2,2
737,2010,20 Jun 2010 - 20:30 ,169,737,162,1,3,336,1,3
738,2010,21 Jun 2010 - 13:30 ,169,738,163,1,3,345,1,3
739,2010,21 Jun 2010 - 16:00 ,170,739,164,2,2,342,1,3
740,2010,21 Jun 2010 - 20:30 ,170,740,165,1,3,332,1,3
741,2010,22 Jun 2010 - 16:00 ,163,741,166,3,1,339,3,1
742,2010,22 Jun 2010 - 16:00 ,163,742,170,3,1,300,3,1
743,2010,22 Jun 2010 - 20:30 ,164,743,169,2,2,337,2,2
744,2010,22 Jun 2010 - 20:30 ,164,744,167,2,2,331,3,1
745,2010,23 Jun 2010 - 16:00 ,165,745,164,3,1,334,3,1
746,2010,23 Jun 2010 - 16:00 ,165,746,168,2,2,321,1,3
747,2010,23 Jun 2010 - 20:30 ,166,747,162,2,2,293,3,1
748,2010,23 Jun 2010 - 20:30 ,166,748,171,2,2,323,1,3
749,2010,24 Jun 2010 - 16:00 ,168,749,165,1,3,341,1,3
750,2010,24 Jun 2010 - 16:00 ,168,750,167,2,2,332,2,2
751,2010,24 Jun 2010 - 20:30 ,167,751,166,3,1,338,3,1
752,2010,24 Jun 2010 - 20:30 ,167,752,163,3,1,345,3,1
753,2010,25 Jun 2010 - 16:00 ,169,753,169,2,2,327,2,2
754,2010,25 Jun 2010 - 16:00 ,169,754,171,3,1,343,3,1
755,2010,25 Jun 2010 - 20:30 ,170,755,168,3,1,319,3,1
756,2010,25 Jun 2010 - 20:30 ,170,756,170,2,2,335,2,2
757,2010,26 Jun 2010 - 16:00 ,171,757,164,1,3,334,1,3
758,2010,26 Jun 2010 - 20:30 ,171,758,166,2,2,339,3,1
759,2010,27 Jun 2010 - 16:00 ,171,759,170,1,3,323,1,3
760,2010,27 Jun 2010 - 20:30 ,171,760,162,1,3,322,1,3
761,2010,28 Jun 2010 - 16:00 ,171,761,169,1,3,343,1,3
762,2010,28 Jun 2010 - 20:30 ,171,762,165,1,3,341,1,3
763,2010,29 Jun 2010 - 16:00 ,171,763,168,2,2,321,2,2
764,2010,29 Jun 2010 - 20:30 ,171,764,163,2,2,335,1,3
765,2010,02 Jul 2010 - 16:00 ,172,765,164,3,1,332,1,3
766,2010,02 Jul 2010 - 20:30 ,172,766,162,2,2,337,2,2
767,2010,03 Jul 2010 - 16:00 ,172,767,163,3,1,331,3,1
768,2010,03 Jul 2010 - 20:30 ,172,768,165,2,2,303,3,1
769,2010,06 Jul 2010 - 20:30 ,173,769,163,2,2,331,3,1
770,2010,07 Jul 2010 - 20:30 ,173,770,169,2,2,339,3,1
771,2010,10 Jul 2010 - 20:30 ,174,771,164,2,2,327,3,1
772,2010,11 Jul 2010 - 20:30 ,175,772,162,2,2,341,3,1
773,2014,12 Jun 2014 - 17:00 ,176,773,172,2,2,332,1,3
774,2014,13 Jun 2014 - 13:00 ,176,774,173,2,2,346,1,3
775,2014,13 Jun 2014 - 16:00 ,177,775,174,2,2,347,3,1
776,2014,13 Jun 2014 - 18:00 ,177,776,175,1,3,348,1,3
777,2014,14 Jun 2014 - 13:00 ,178,777,176,1,3,349,1,3
778,2014,14 Jun 2014 - 16:00 ,179,778,177,1,3,350,3,1
779,2014,14 Jun 2014 - 18:00 ,179,779,178,2,2,351,3,1
780,2014,14 Jun 2014 - 22:00 ,178,780,179,3,1,352,1,3
781,2014,15 Jun 2014 - 13:00 ,180,781,180,3,1,331,1,3
782,2014,15 Jun 2014 - 16:00 ,180,782,181,1,3,353,1,3
783,2014,15 Jun 2014 - 19:00 ,181,783,182,1,3,354,1,3
784,2014,16 Jun 2014 - 13:00 ,182,784,174,1,3,355,1,3
785,2014,16 Jun 2014 - 16:00 ,181,785,183,2,2,356,2,2
786,2014,16 Jun 2014 - 19:00 ,182,786,173,3,1,357,3,1
787,2014,17 Jun 2014 - 13:00 ,183,787,176,3,1,319,1,3
788,2014,17 Jun 2014 - 16:00 ,176,788,177,2,2,358,2,2
789,2014,17 Jun 2014 - 18:00 ,183,789,175,2,2,359,2,2
790,2014,18 Jun 2014 - 13:00 ,177,790,181,2,2,360,3,1
791,2014,18 Jun 2014 - 16:00 ,177,791,182,3,1,349,3,1
792,2014,18 Jun 2014 - 18:00 ,176,792,178,3,1,361,3,1
793,2014,19 Jun 2014 - 13:00 ,178,793,180,2,2,341,1,3
794,2014,19 Jun 2014 - 16:00 ,179,794,172,1,3,362,1,3
795,2014,19 Jun 2014 - 19:00 ,178,795,173,2,2,354,2,2
796,2014,20 Jun 2014 - 13:00 ,179,796,179,3,1,352,3,1
797,2014,20 Jun 2014 - 16:00 ,180,797,174,3,1,351,3,1
798,2014,20 Jun 2014 - 19:00 ,180,798,183,2,2,363,3,1
799,2014,21 Jun 2014 - 13:00 ,181,799,176,2,2,355,1,3
800,2014,21 Jun 2014 - 16:00 ,182,800,177,2,2,353,2,2
801,2014,21 Jun 2014 - 18:00 ,181,801,175,1,3,364,1,3
802,2014,22 Jun 2014 - 13:00 ,183,802,182,2,2,350,1,3
803,2014,22 Jun 2014 - 16:00 ,183,803,181,3,1,346,3,1
804,2014,22 Jun 2014 - 18:00 ,182,804,178,3,1,359,2,2
805,2014,23 Jun 2014 - 13:00 ,177,805,183,3,1,365,3,1
806,2014,23 Jun 2014 - 13:00 ,177,806,172,2,2,366,1,3
807,2014,23 Jun 2014 - 17:00 ,176,807,180,3,1,357,3,1
808,2014,23 Jun 2014 - 17:00 ,176,808,179,2,2,331,3,1
809,2014,24 Jun 2014 - 13:00 ,179,809,173,2,2,319,3,1
810,2014,24 Jun 2014 - 13:00 ,179,810,176,2,2,360,2,2
811,2014,24 Jun 2014 - 16:00 ,178,811,175,2,2,361,3,1
812,2014,24 Jun 2014 - 17:00 ,178,812,177,1,3,356,1,3
813,2014,25 Jun 2014 - 13:00 ,181,813,181,3,1,347,3,1
814,2014,25 Jun 2014 - 13:00 ,181,814,174,1,3,362,1,3
815,2014,25 Jun 2014 - 16:00 ,180,815,178,3,1,359,3,1
816,2014,25 Jun 2014 - 17:00 ,180,816,182,2,2,348,2,2
817,2014,26 Jun 2014 - 13:00 ,182,817,179,2,2,331,3,1
818,2014,26 Jun 2014 - 13:00 ,182,818,180,1,3,365,1,3
819,2014,26 Jun 2014 - 17:00 ,183,819,172,2,2,363,3,1
820,2014,26 Jun 2014 - 17:00 ,183,820,183,3,1,358,2,2
821,2014,28 Jun 2014 - 13:00 ,184,821,176,2,2,341,2,2
822,2014,28 Jun 2014 - 17:00 ,184,822,182,1,3,351,1,3
823,2014,30 Jun 2014 - 13:00 ,184,823,180,2,2,349,1,3
824,2014,30 Jun 2014 - 17:00 ,184,824,181,2,2,353,1,3
825,2014,04 Jul 2014 - 17:00 ,185,825,177,1,3,362,1,3
826,2014,04 Jul 2014 - 13:00 ,185,826,182,3,1,359,3,1
827,2014,08 Jul 2014 - 17:00 ,186,827,176,3,1,319,3,1
828,2014,12 Jul 2014 - 17:00 ,187,828,180,3,1,360,3,1
829,2014,13 Jul 2014 - 16:00 ,188,829,182,2,2,347,1,3
830,2014,09 Jul 2014 - 17:00 ,186,830,172,2,2,358,2,2
831,2014,05 Jul 2014 - 17:00 ,185,831,174,2,2,331,2,2
832,2014,05 Jul 2014 - 13:00 ,185,832,180,1,3,347,1,3
833,2014,29 Jun 2014 - 13:00 ,184,833,177,2,2,361,1,3
834,2014,29 Jun 2014 - 17:00 ,184,834,179,2,2,363,2,2
835,2014,01 Jul 2014 - 13:00 ,184,835,172,2,2,357,1,3
836,2014,01 Jul 2014 - 17:00 ,184,836,174,2,2,360,1,3
